{
  "meta": {
    "height": 256,
    "texture": "default.png",
    "width": 256
  },
  "sprites": [
    {
      "height": 32,
      "name": "button-hover",
      "width": 32,
      "x": 0,
      "y": 0
    },
    {
      "height": 16,
      "name": "menu-pan-right",
      "width": 16,
      "x": 0,
      "y": 32
    },
    {
      "height": 16,
      "name": "spin-ltr-down-active",
      "width": 7,
      "x": 0,
      "y": 48
    },
    {
      "height": 32,
      "name": "combo-entry-ltr-button-insensitive",
      "width": 8,
      "x": 0,
      "y": 64
    },
    {
      "height": 1,
      "name": "scrollbar-vert-trough",
      "width": 2,
      "x": 7,
      "y": 48
    },
    {
      "height": 16,
      "name": "pan-up",
      "width": 16,
      "x": 0,
      "y": 96
    },
    {
      "height": 13,
      "name": "scrollbar-vert-slider-hover",
      "width": 13,
      "x": 7,
      "y": 49
    },
    {
      "height": 16,
      "name": "pan-left",
      "width": 16,
      "x": 16,
      "y": 32
    },
    {
      "height": 16,
      "name": "checkbox-unchecked-active",
      "width": 16,
      "x": 8,
      "y": 62
    },
    {
      "height": 16,
      "name": "pan-right-semi",
      "width": 16,
      "x": 8,
      "y": 78
    },
    {
      "height": 16,
      "name": "menu-checkbox-insensitive",
      "width": 16,
      "x": 0,
      "y": 112
    },
    {
      "height": 32,
      "name": "notebook-combo-entry-rtl-entry",
      "width": 10,
      "x": 0,
      "y": 128
    },
    {
      "height": 16,
      "name": "radio-checked-insensitive",
      "width": 16,
      "x": 0,
      "y": 160
    },
    {
      "height": 16,
      "name": "menu-checkbox",
      "width": 16,
      "x": 10,
      "y": 128
    },
    {
      "height": 26,
      "name": "scale-slider-active",
      "width": 26,
      "x": 16,
      "y": 94
    },
    {
      "height": 1,
      "name": "handle-vert",
      "width": 9,
      "x": 9,
      "y": 48
    },
    {
      "height": 26,
      "name": "scale-slider",
      "width": 26,
      "x": 24,
      "y": 48
    },
    {
      "height": 16,
      "name": "checkbox-mixed-insensitive",
      "width": 16,
      "x": 10,
      "y": 144
    },
    {
      "height": 16,
      "name": "menu-pan-down-insensitive",
      "width": 16,
      "x": 24,
      "y": 74
    },
    {
      "height": 26,
      "name": "scale-slider-insensitive",
      "width": 26,
      "x": 32,
      "y": 0
    },
    {
      "height": 16,
      "name": "radio-unchecked",
      "width": 16,
      "x": 40,
      "y": 74
    },
    {
      "height": 16,
      "name": "spin-rtl-up-hover",
      "width": 7,
      "x": 32,
      "y": 26
    },
    {
      "height": 6,
      "name": "progressbar-horz-trough",
      "width": 7,
      "x": 32,
      "y": 42
    },
    {
      "height": 32,
      "name": "combo-entry-rtl-button-active",
      "width": 8,
      "x": 50,
      "y": 26
    },
    {
      "height": 32,
      "name": "notebook-entry-insensitive",
      "width": 10,
      "x": 0,
      "y": 176
    },
    {
      "height": 16,
      "name": "menu-pan-right-insensitive",
      "width": 16,
      "x": 50,
      "y": 58
    },
    {
      "height": 16,
      "name": "radio-checked",
      "width": 16,
      "x": 58,
      "y": 0
    },
    {
      "height": 13,
      "name": "scrollbar-vert-slider",
      "width": 13,
      "x": 58,
      "y": 16
    },
    {
      "height": 16,
      "name": "checkbox-checked-insensitive",
      "width": 16,
      "x": 58,
      "y": 29
    },
    {
      "height": 26,
      "name": "scale-horz-focus",
      "width": 14,
      "x": 0,
      "y": 208
    },
    {
      "height": 16,
      "name": "menu-checkbox-mixed",
      "width": 16,
      "x": 0,
      "y": 234
    },
    {
      "height": 32,
      "name": "notebook-combo-entry-ltr-entry",
      "width": 10,
      "x": 10,
      "y": 176
    },
    {
      "height": 6,
      "name": "spin-up",
      "width": 9,
      "x": 39,
      "y": 26
    },
    {
      "height": 8,
      "name": "tab-left",
      "width": 4,
      "x": 20,
      "y": 48
    },
    {
      "height": 16,
      "name": "menu-checkbox-mixed-insensitive",
      "width": 16,
      "x": 16,
      "y": 160
    },
    {
      "height": 32,
      "name": "entry-active",
      "width": 10,
      "x": 26,
      "y": 120
    },
    {
      "height": 1,
      "name": "tab-horz-gap",
      "width": 3,
      "x": 8,
      "y": 94
    },
    {
      "height": 5,
      "name": "white",
      "width": 5,
      "x": 16,
      "y": 120
    },
    {
      "height": 5,
      "name": "progressbar-vert",
      "width": 4,
      "x": 20,
      "y": 56
    },
    {
      "height": 16,
      "name": "checkbox-unchecked-hover",
      "width": 16,
      "x": 14,
      "y": 208
    },
    {
      "height": 32,
      "name": "combo-entry-ltr-button-active",
      "width": 8,
      "x": 20,
      "y": 176
    },
    {
      "height": 32,
      "name": "notebook-entry",
      "width": 10,
      "x": 28,
      "y": 176
    },
    {
      "height": 16,
      "name": "checkbox-unchecked-insensitive",
      "width": 16,
      "x": 32,
      "y": 152
    },
    {
      "height": 16,
      "name": "menu-pan-up",
      "width": 16,
      "x": 36,
      "y": 120
    },
    {
      "height": 6,
      "name": "spin-down-insensitive",
      "width": 9,
      "x": 39,
      "y": 32
    },
    {
      "height": 32,
      "name": "notebook-combo-entry-rtl-entry-active",
      "width": 10,
      "x": 16,
      "y": 224
    },
    {
      "height": 16,
      "name": "spin-rtl-down-insensitive",
      "width": 7,
      "x": 36,
      "y": 136
    },
    {
      "height": 16,
      "name": "pan-down-insensitive",
      "width": 16,
      "x": 43,
      "y": 136
    },
    {
      "height": 16,
      "name": "treeview-pan-down-hover",
      "width": 16,
      "x": 42,
      "y": 90
    },
    {
      "height": 4,
      "name": "tab-up-active",
      "width": 8,
      "x": 24,
      "y": 90
    },
    {
      "height": 16,
      "name": "radio-unchecked-active",
      "width": 16,
      "x": 56,
      "y": 74
    },
    {
      "height": 1,
      "name": "border",
      "width": 1,
      "x": 7,
      "y": 62
    },
    {
      "height": 16,
      "name": "menu-pan-down",
      "width": 16,
      "x": 66,
      "y": 45
    },
    {
      "height": 16,
      "name": "menu-pan-left",
      "width": 16,
      "x": 52,
      "y": 106
    },
    {
      "height": 16,
      "name": "menu-checkbox-checked-insensitive",
      "width": 16,
      "x": 58,
      "y": 90
    },
    {
      "height": 4,
      "name": "focus",
      "width": 4,
      "x": 32,
      "y": 90
    },
    {
      "height": 16,
      "name": "treeview-pan-up-hover",
      "width": 16,
      "x": 72,
      "y": 61
    },
    {
      "height": 32,
      "name": "notebook-combo-entry-rtl-entry-insensitive",
      "width": 10,
      "x": 26,
      "y": 224
    },
    {
      "height": 6,
      "name": "spin-down",
      "width": 9,
      "x": 0,
      "y": 250
    },
    {
      "height": 16,
      "name": "spin-rtl-down",
      "width": 7,
      "x": 30,
      "y": 208
    },
    {
      "height": 16,
      "name": "radio-mixed-hover",
      "width": 16,
      "x": 36,
      "y": 224
    },
    {
      "height": 16,
      "name": "pan-up-insensitive",
      "width": 16,
      "x": 37,
      "y": 208
    },
    {
      "height": 16,
      "name": "pan-right",
      "width": 16,
      "x": 36,
      "y": 240
    },
    {
      "height": 8,
      "name": "tab-left-active",
      "width": 4,
      "x": 21,
      "y": 120
    },
    {
      "height": 4,
      "name": "progressbar-horz",
      "width": 5,
      "x": 36,
      "y": 90
    },
    {
      "height": 2,
      "name": "frame-inline",
      "width": 3,
      "x": 11,
      "y": 94
    },
    {
      "height": 32,
      "name": "entry",
      "width": 10,
      "x": 52,
      "y": 224
    },
    {
      "height": 16,
      "name": "menu-checkbox-checked-hover",
      "width": 16,
      "x": 74,
      "y": 0
    },
    {
      "height": 16,
      "name": "menu-radio-mixed-insensitive",
      "width": 16,
      "x": 74,
      "y": 16
    },
    {
      "height": 4,
      "name": "tab-down",
      "width": 8,
      "x": 58,
      "y": 45
    },
    {
      "height": 32,
      "name": "notebook-combo-entry-ltr-entry-insensitive",
      "width": 10,
      "x": 38,
      "y": 168
    },
    {
      "height": 16,
      "name": "treeview-pan-down-active",
      "width": 16,
      "x": 82,
      "y": 32
    },
    {
      "height": 16,
      "name": "menu-pan-left-hover",
      "width": 16,
      "x": 90,
      "y": 0
    },
    {
      "height": 32,
      "name": "combo-entry-ltr-entry",
      "width": 10,
      "x": 48,
      "y": 152
    },
    {
      "height": 1,
      "name": "entry-background-insensitive",
      "width": 1,
      "x": 7,
      "y": 63
    },
    {
      "height": 16,
      "name": "treeview-pan-up-active",
      "width": 16,
      "x": 90,
      "y": 16
    },
    {
      "height": 32,
      "name": "notebook-entry-active",
      "width": 10,
      "x": 53,
      "y": 184
    },
    {
      "height": 32,
      "name": "button",
      "width": 32,
      "x": 58,
      "y": 152
    },
    {
      "height": 13,
      "name": "scrollbar-vert-slider-rtl",
      "width": 13,
      "x": 82,
      "y": 48
    },
    {
      "height": 16,
      "name": "pan-left-insensitive",
      "width": 16,
      "x": 59,
      "y": 122
    },
    {
      "height": 16,
      "name": "menu-pan-left-insensitive",
      "width": 16,
      "x": 68,
      "y": 106
    },
    {
      "height": 26,
      "name": "scale-slider-hover",
      "width": 26,
      "x": 74,
      "y": 77
    },
    {
      "height": 16,
      "name": "menu-checkbox-mixed-hover",
      "width": 16,
      "x": 88,
      "y": 61
    },
    {
      "height": 16,
      "name": "spin-ltr-down",
      "width": 7,
      "x": 98,
      "y": 32
    },
    {
      "height": 3,
      "name": "menubar-item-active",
      "width": 1,
      "x": 41,
      "y": 90
    },
    {
      "height": 16,
      "name": "spin-rtl-up-insensitive",
      "width": 7,
      "x": 75,
      "y": 122
    },
    {
      "height": 4,
      "name": "tab-up",
      "width": 8,
      "x": 58,
      "y": 49
    },
    {
      "height": 16,
      "name": "checkbox-unchecked",
      "width": 16,
      "x": 82,
      "y": 122
    },
    {
      "height": 16,
      "name": "menu-radio-checked-hover",
      "width": 16,
      "x": 84,
      "y": 103
    },
    {
      "height": 8,
      "name": "tab-right-active",
      "width": 4,
      "x": 26,
      "y": 152
    },
    {
      "height": 3,
      "name": "menu-border",
      "width": 3,
      "x": 16,
      "y": 125
    },
    {
      "height": 32,
      "name": "combo-entry-ltr-button",
      "width": 8,
      "x": 62,
      "y": 216
    },
    {
      "height": 1,
      "name": "scrollbar-vert-trough-rtl",
      "width": 2,
      "x": 18,
      "y": 48
    },
    {
      "height": 16,
      "name": "spin-ltr-down-hover",
      "width": 7,
      "x": 63,
      "y": 184
    },
    {
      "height": 16,
      "name": "menu-radio-checked",
      "width": 16,
      "x": 63,
      "y": 200
    },
    {
      "height": 32,
      "name": "combo-entry-ltr-entry-insensitive",
      "width": 10,
      "x": 70,
      "y": 216
    },
    {
      "height": 32,
      "name": "combo-entry-rtl-entry-insensitive",
      "width": 10,
      "x": 79,
      "y": 184
    },
    {
      "height": 26,
      "name": "scale-horz-trough-active",
      "width": 23,
      "x": 80,
      "y": 216
    },
    {
      "height": 16,
      "name": "checkbox-mixed-active",
      "width": 16,
      "x": 89,
      "y": 184
    },
    {
      "height": 16,
      "name": "checkbox-mixed-hover",
      "width": 16,
      "x": 89,
      "y": 200
    },
    {
      "height": 15,
      "name": "handle",
      "width": 3,
      "x": 48,
      "y": 184
    },
    {
      "height": 13,
      "name": "scrollbar-vert-slider-active-rtl",
      "width": 13,
      "x": 95,
      "y": 48
    },
    {
      "height": 1,
      "name": "line",
      "width": 1,
      "x": 41,
      "y": 93
    },
    {
      "height": 2,
      "name": "treeview-separator-ltr",
      "width": 2,
      "x": 14,
      "y": 94
    },
    {
      "height": 16,
      "name": "spin-ltr-up-insensitive",
      "width": 7,
      "x": 70,
      "y": 184
    },
    {
      "height": 16,
      "name": "radio-unchecked-insensitive",
      "width": 16,
      "x": 105,
      "y": 32
    },
    {
      "height": 3,
      "name": "frame-notebook",
      "width": 3,
      "x": 74,
      "y": 103
    },
    {
      "height": 16,
      "name": "pan-right-insensitive",
      "width": 16,
      "x": 106,
      "y": 0
    },
    {
      "height": 32,
      "name": "combo-entry-rtl-button-insensitive",
      "width": 8,
      "x": 103,
      "y": 216
    },
    {
      "height": 32,
      "name": "combo-entry-ltr-button-hover",
      "width": 8,
      "x": 90,
      "y": 138
    },
    {
      "height": 13,
      "name": "scrollbar-vert-slider-hover-rtl",
      "width": 13,
      "x": 80,
      "y": 242
    },
    {
      "height": 16,
      "name": "checkbox-checked-hover",
      "width": 16,
      "x": 106,
      "y": 16
    },
    {
      "height": 26,
      "name": "scale-horz-trough",
      "width": 23,
      "x": 98,
      "y": 119
    },
    {
      "height": 32,
      "name": "button-insensitive",
      "width": 32,
      "x": 98,
      "y": 145
    },
    {
      "height": 16,
      "name": "menu-radio-mixed-hover",
      "width": 16,
      "x": 105,
      "y": 177
    },
    {
      "height": 16,
      "name": "menu-radio",
      "width": 16,
      "x": 105,
      "y": 193
    },
    {
      "height": 16,
      "name": "radio-mixed-active",
      "width": 16,
      "x": 100,
      "y": 77
    },
    {
      "height": 2,
      "name": "treeview-separator-rtl",
      "width": 2,
      "x": 19,
      "y": 125
    },
    {
      "height": 16,
      "name": "menu-radio-insensitive",
      "width": 16,
      "x": 104,
      "y": 61
    },
    {
      "height": 2,
      "name": "scrollbar-horz-trough",
      "width": 1,
      "x": 25,
      "y": 120
    },
    {
      "height": 32,
      "name": "combo-entry-rtl-entry-active",
      "width": 10,
      "x": 116,
      "y": 77
    },
    {
      "height": 16,
      "name": "treeview-pan-down",
      "width": 16,
      "x": 100,
      "y": 93
    },
    {
      "height": 16,
      "name": "menu-checkbox-checked",
      "width": 16,
      "x": 120,
      "y": 48
    },
    {
      "height": 16,
      "name": "menu-radio-hover",
      "width": 16,
      "x": 121,
      "y": 32
    },
    {
      "height": 16,
      "name": "spin-ltr-up",
      "width": 7,
      "x": 122,
      "y": 0
    },
    {
      "height": 3,
      "name": "frame",
      "width": 3,
      "x": 77,
      "y": 103
    },
    {
      "height": 16,
      "name": "checkbox-mixed",
      "width": 16,
      "x": 122,
      "y": 16
    },
    {
      "height": 16,
      "name": "spin-ltr-up-active",
      "width": 7,
      "x": 129,
      "y": 0
    },
    {
      "height": 13,
      "name": "scrollbar-vert-slider-active",
      "width": 13,
      "x": 59,
      "y": 138
    },
    {
      "height": 32,
      "name": "combo-entry-rtl-button",
      "width": 8,
      "x": 121,
      "y": 109
    },
    {
      "height": 16,
      "name": "radio-mixed",
      "width": 16,
      "x": 136,
      "y": 0
    },
    {
      "height": 16,
      "name": "menu-pan-up-insensitive",
      "width": 16,
      "x": 126,
      "y": 64
    },
    {
      "height": 1,
      "name": "entry-background",
      "width": 1,
      "x": 19,
      "y": 127
    },
    {
      "height": 23,
      "name": "scale-vert-trough",
      "width": 26,
      "x": 126,
      "y": 80
    },
    {
      "height": 16,
      "name": "menu-pan-right-hover",
      "width": 16,
      "x": 136,
      "y": 48
    },
    {
      "height": 32,
      "name": "combo-entry-rtl-button-hover",
      "width": 8,
      "x": 138,
      "y": 16
    },
    {
      "height": 16,
      "name": "menu-checkbox-hover",
      "width": 16,
      "x": 142,
      "y": 64
    },
    {
      "height": 16,
      "name": "radio-mixed-insensitive",
      "width": 16,
      "x": 146,
      "y": 16
    },
    {
      "height": 16,
      "name": "spin-rtl-up",
      "width": 7,
      "x": 152,
      "y": 0
    },
    {
      "height": 32,
      "name": "button-active",
      "width": 32,
      "x": 152,
      "y": 32
    },
    {
      "height": 32,
      "name": "notebook-combo-entry-ltr-entry-active",
      "width": 10,
      "x": 162,
      "y": 0
    },
    {
      "height": 6,
      "name": "spin-up-insensitive",
      "width": 9,
      "x": 53,
      "y": 216
    },
    {
      "height": 16,
      "name": "radio-checked-active",
      "width": 16,
      "x": 172,
      "y": 0
    },
    {
      "height": 7,
      "name": "progressbar-vert-trough",
      "width": 6,
      "x": 32,
      "y": 168
    },
    {
      "height": 16,
      "name": "spin-rtl-up-active",
      "width": 7,
      "x": 172,
      "y": 16
    },
    {
      "height": 16,
      "name": "pan-down",
      "width": 16,
      "x": 179,
      "y": 16
    },
    {
      "height": 16,
      "name": "menu-radio-checked-insensitive",
      "width": 16,
      "x": 188,
      "y": 0
    },
    {
      "height": 32,
      "name": "combo-entry-ltr-entry-active",
      "width": 10,
      "x": 129,
      "y": 103
    },
    {
      "height": 13,
      "name": "scrollbar-horz-slider",
      "width": 13,
      "x": 72,
      "y": 138
    },
    {
      "height": 3,
      "name": "tab-vert-gap",
      "width": 1,
      "x": 25,
      "y": 122
    },
    {
      "height": 32,
      "name": "entry-insensitive",
      "width": 10,
      "x": 111,
      "y": 209
    },
    {
      "height": 13,
      "name": "scrollbar-horz-slider-active",
      "width": 13,
      "x": 111,
      "y": 241
    },
    {
      "height": 9,
      "name": "handle-horz",
      "width": 1,
      "x": 137,
      "y": 32
    },
    {
      "height": 4,
      "name": "tab-down-active",
      "width": 8,
      "x": 58,
      "y": 53
    },
    {
      "height": 16,
      "name": "spin-rtl-down-hover",
      "width": 7,
      "x": 121,
      "y": 177
    },
    {
      "height": 32,
      "name": "combo-entry-rtl-entry",
      "width": 10,
      "x": 121,
      "y": 193
    },
    {
      "height": 16,
      "name": "checkbox-checked-active",
      "width": 16,
      "x": 128,
      "y": 177
    },
    {
      "height": 16,
      "name": "menu-radio-mixed",
      "width": 16,
      "x": 121,
      "y": 225
    },
    {
      "height": 16,
      "name": "spin-ltr-up-hover",
      "width": 7,
      "x": 131,
      "y": 193
    },
    {
      "height": 16,
      "name": "checkbox-checked",
      "width": 16,
      "x": 131,
      "y": 209
    },
    {
      "height": 16,
      "name": "radio-unchecked-hover",
      "width": 16,
      "x": 138,
      "y": 193
    },
    {
      "height": 16,
      "name": "spin-ltr-down-insensitive",
      "width": 7,
      "x": 137,
      "y": 225
    },
    {
      "height": 16,
      "name": "treeview-pan-up",
      "width": 16,
      "x": 144,
      "y": 225
    },
    {
      "height": 13,
      "name": "scrollbar-horz-slider-hover",
      "width": 13,
      "x": 147,
      "y": 209
    },
    {
      "height": 15,
      "name": "null",
      "width": 15,
      "x": 124,
      "y": 241
    },
    {
      "height": 8,
      "name": "tab-right",
      "width": 4,
      "x": 48,
      "y": 199
    },
    {
      "height": 23,
      "name": "scale-vert-trough-active",
      "width": 26,
      "x": 130,
      "y": 135
    },
    {
      "height": 16,
      "name": "spin-rtl-down-active",
      "width": 7,
      "x": 130,
      "y": 158
    },
    {
      "height": 16,
      "name": "pan-left-semi",
      "width": 16,
      "x": 137,
      "y": 158
    },
    {
      "height": 16,
      "name": "radio-checked-hover",
      "width": 16,
      "x": 144,
      "y": 174
    }
  ]
}